record_id,title,included_in_final_corpus,reason,story_words,materials_words
/2020601/https___1914_1918_europeana_eu_contributions_10005,Hubert Strang vom Palästinakorps auf seinem Weg nach Jerusalem und zurück nach Wilhelmshaven | Hubert Strang of Palestinecorps on his way to Jerusalem and back to Wilhelmshaven,True,Meets minimum narrative length,165,50
/2020601/https___1914_1918_europeana_eu_contributions_10022,FRAD033-090 Histoire d'Alphonse et Paul Gueytat | Documents from Alphonse et Paul Gueytat,True,Meets minimum narrative length,93,20
/2020601/https___1914_1918_europeana_eu_contributions_10031,FRAD017 - Histoire de la famille Lebrun | Famille Lebrun,True,Meets minimum narrative length,100,24
/2020601/https___1914_1918_europeana_eu_contributions_10036,FRAD087_052-Histoire d'Antoine Malaty | Story of Antoine Malaty,True,Meets minimum narrative length,187,33
/2020601/https___1914_1918_europeana_eu_contributions_10057,"Hermann Staratzkys Kriegstagebuch ""Der Große Krieg"" | War diary of Hermann Staratzky ""The Great War""",True,Meets minimum narrative length,134,16
/2020601/https___1914_1918_europeana_eu_contributions_10061,"ACA4640172_43_BOUDET_01 - Félix Boudet, officier et artiste | Félix Boudet, Officer and Artist",True,Meets minimum narrative length,113,11
/2020601/https___1914_1918_europeana_eu_contributions_10083,"FRBNBU-103 Georges Kohn photographe des "" chevaliers du ciel "" | Documents from Beilin family",True,Meets minimum narrative length,93,9
/2020601/https___1914_1918_europeana_eu_contributions_10095,FRAD017_110_Georges Pissard | Georges Pissard,True,Meets minimum narrative length,132,29
/2020601/https___1914_1918_europeana_eu_contributions_10104,FRBNBU-158 Constant Brun prisonnier en Allemagne | Constant Brun in Germany,True,Meets minimum narrative length,75,19
/2020601/https___1914_1918_europeana_eu_contributions_10118,FRAD087_007-Correspondance et carnet d'Alphonse Faure | Story of Alphonse Faure,True,Meets minimum narrative length,202,18
/2020601/https___1914_1918_europeana_eu_contributions_10125,"Henri-Louis Cadot, Mémoire transmise | Henri-Louis Cadot, memory transmitted",True,Meets minimum narrative length,441,25
/2020601/https___1914_1918_europeana_eu_contributions_10127,"Sanitätsmaterial, Auszeichnungen | Der Sanitätsfeldwebel Johannes Kühn an der Westfront",True,Meets minimum narrative length,81,9
/2020601/https___1914_1918_europeana_eu_contributions_10135,"FRAD067-123/2 Second album de Nicolas Hiessler (1884-1952), infirmier en Flandre et en Artois (armée allemande) | Album from Nicolas Hiessler, with photographs from the Western Front",True,Meets minimum narrative length,314,8
/2020601/https___1914_1918_europeana_eu_contributions_10138,"FRAD071-002 Claude BERNARD, du front à l'hôpital | Documents from Claude Bernard",True,Meets minimum narrative length,149,10
/2020601/https___1914_1918_europeana_eu_contributions_10145,"FRAD067-120 Regrets d'un membre du peloton d'exécution, Villers-en-Haye (Meurthe-et-Moselle), 7 février 1915 | Postcard about an execution",True,Meets minimum narrative length,143,2
/2020601/https___1914_1918_europeana_eu_contributions_10147,"FRAD067-122 Auguste Gresset annonce à ses proches la mort à son poste de combat du Franc-Comtois Alexis Antoine Billot, le 4 juillet 1915 | About the death of Alexis Antoine Billot",True,Meets minimum narrative length,98,46
/2020601/https___1914_1918_europeana_eu_contributions_10151,"FRAD033-080 Histoire de René, Laurent Hueber | Documents from René, Laurent Hueber",True,Meets minimum narrative length,118,42
/2020601/https___1914_1918_europeana_eu_contributions_10154,FRAD033-084 Histoire de Joseph Piquemal | Documents from Joseph Piquemal,True,Meets minimum narrative length,119,70
/2020601/https___1914_1918_europeana_eu_contributions_10157,"FRAD077-141B, Charles-Philippe Françon du 133e Régiment d'Infanterie | Charles-Philippe Françon, of 133e Infantery Regiment.",True,Meets minimum narrative length,242,6
/2020601/https___1914_1918_europeana_eu_contributions_10160,FRAD087_005-Médailles décernées à Jean Collet | Documents from Jean Collet,True,Meets minimum narrative length,66,24
/2020601/https___1914_1918_europeana_eu_contributions_10169,FRAN-PA-206 Deux morts dans le Bois de la Gruerie | Photographs from Leleu and Marousez,True,Meets minimum narrative length,143,17
/2020601/https___1914_1918_europeana_eu_contributions_10172,FRAD087_056-Histoire d'Ernest Rolle-Milaguet | Story of Ernest Rolle-Milaguet,True,Meets minimum narrative length,185,22
/2020601/https___1914_1918_europeana_eu_contributions_10177,FRAD066_065A Jules SIVIEUDE | Documents of Jules Sivieude,True,Meets minimum narrative length,65,46
/2020601/https___1914_1918_europeana_eu_contributions_1018,Fotos | Photos of Otto Fuhrmann,True,Meets minimum narrative length,211,0
/2020601/https___1914_1918_europeana_eu_contributions_10180,FRAM - Albert Chatelais | Document from Albert Chatelais,True,Meets minimum narrative length,49,39
/2020601/https___1914_1918_europeana_eu_contributions_10186,FRAD033-056-01 Histoire de Gérard Jeancoux | Documents from Gérard Jeancoux,False,Main story has fewer than 40 words,36,28
/2020601/https___1914_1918_europeana_eu_contributions_10187,FRBNBU-102 Camille Victor Belmon assiste à une messe en pleine forêt d'Argonne | A mess in Argonne's forest in 1917,True,Meets minimum narrative length,139,22
/2020601/https___1914_1918_europeana_eu_contributions_10188,"FRBNBU-110 François Vendel ""ma guerre"", une blessure inguérissable | Francois Vendel's war, an incurable injury and wound",True,Meets minimum narrative length,576,30
/2020601/https___1914_1918_europeana_eu_contributions_10192,FRBNBU-056 Photo souvenir de Pierre Dudoy à Constantine | Memory photo in Constantine,True,Meets minimum narrative length,171,2
/2020601/https___1914_1918_europeana_eu_contributions_10196,FRAD033-054 Histoire d’Edouard Dubart | Documents from Edouard Dubart,True,Meets minimum narrative length,140,57
/2020601/https___1914_1918_europeana_eu_contributions_1020,"Karl Beck, ein Schreiner aus Stuttgart als Soldat im Elsass | Letters to his wife, the photo and postcard album of a soldier (formerly a carpenter from Stuttgart) who served from 1914 till 19th Feb. 1915 when he died in Alsace.",True,Meets minimum narrative length,70,0
/2020601/https___1914_1918_europeana_eu_contributions_10200,FRAD066_067A Etienne PARES | Documents of Etienne PARES,True,Meets minimum narrative length,59,49
/2020601/https___1914_1918_europeana_eu_contributions_10201,FRAD066_067B Edouard LASSERRE | Documents from Edouard LASSERRE,False,Main story has fewer than 40 words,31,18
/2020601/https___1914_1918_europeana_eu_contributions_10202,Album mit Motiven von der Ost- und Westfront | Album with motives from Eastern- and Western Front,True,Meets minimum narrative length,83,16
/2020601/https___1914_1918_europeana_eu_contributions_10210,AMSM-002_2 : Correspondance à mon grand oncle Auguste PIERREQUIN | correspondence of my grand uncle Auguste PIERREQUIN,True,Meets minimum narrative length,163,3
/2020601/https___1914_1918_europeana_eu_contributions_10219,Aquarelle vom Dorjan-See in Mazedonien | Aquarelles from Macedonia,True,Meets minimum narrative length,156,35
/2020601/https___1914_1918_europeana_eu_contributions_10224,Frans Van Sante in 'Den Grooten Oorlog' | Frans Van Sante in 'Den Grooten Oorlog',True,Meets minimum narrative length,228,21
/2020601/https___1914_1918_europeana_eu_contributions_10226,Bateau La Plata | SS (La) Plata,True,Meets minimum narrative length,45,0
/2020601/https___1914_1918_europeana_eu_contributions_10231,"FRAD067-119 Cartes reçues de Wilhelm Keller (1873-1920) (armée allemande) par son épouse Salomé Eberhardt (1874-1955), à Bischheim (Bas-Rhin) | Postcards from Wilhelm Keller",True,Meets minimum narrative length,499,5
/2020601/https___1914_1918_europeana_eu_contributions_10241,"FRBMLY-60 Histoire de Fortuné Avid, sauvé par son livret militaire | Documents from Jean-Claude Avid",True,Meets minimum narrative length,191,5
/2020601/https___1914_1918_europeana_eu_contributions_10245,FRAD048-020 Un père et un fils au front | Documents from Jean-Marie et Marie-Thérèse GUILLEN,True,Meets minimum narrative length,100,0
/2020601/https___1914_1918_europeana_eu_contributions_10254,FRBNBU-095 Histoire du canonnier Henri Portret et de ses frères | Henri Portret was a guner,True,Meets minimum narrative length,154,90
/2020601/https___1914_1918_europeana_eu_contributions_10255,FRBMLY-63 Jean Noyer mon grand-père | Documents from PJ Rossignol,True,Meets minimum narrative length,127,10
/2020601/https___1914_1918_europeana_eu_contributions_10257,"FRBMBO-69 Familles Germain, Dardant et Andrault | Story of the families Germain, Dardant and Andrault",True,Meets minimum narrative length,141,0
/2020601/https___1914_1918_europeana_eu_contributions_10265,FRBMBO-053 Histoire du soldat Alphonse Robine | Alphonse Robine's story,True,Meets minimum narrative length,90,13
/2020601/https___1914_1918_europeana_eu_contributions_10267,FRBMLY-65 Mon grand-père ce héros | Documents from Chantal Danel,True,Meets minimum narrative length,285,4
/2020601/https___1914_1918_europeana_eu_contributions_10268,"Auguste, Joseph LECHANTEUX 1884-1950 | Documents of Auguste Joseph Lechanteux",True,Meets minimum narrative length,158,78
/2020601/https___1914_1918_europeana_eu_contributions_10271,FRBMLY-66 Histoire de mes grands parents Henri et Marie-Louise Mermin | Story of my grandparents,True,Meets minimum narrative length,104,22
/2020601/https___1914_1918_europeana_eu_contributions_10275,Wilhelm Sandvoß´ Einsatz an der Ost- und Westfront | Wilhelm Sandvoß mission at Eastern and Western Front,True,Meets minimum narrative length,115,22
/2020601/https___1914_1918_europeana_eu_contributions_10276,FRBNBU-022 Gaston-René Gorret mort pour la France dès septembre 1914 | Documents about Gaston Gorret died in 1914,True,Meets minimum narrative length,55,4
/2020601/https___1914_1918_europeana_eu_contributions_1028,"Album zur Erinnerung an Hermann Stegmayer mit Fotos aus Galizien und Frankreich | Album with photos of Hermann Stegmayer, his deployments to France (Vosges, Laon) and Galicia (today: Poland, Ukraine) and his grave in Crécy sur Serre, assembled by his niece.",True,Meets minimum narrative length,206,0
/2020601/https___1914_1918_europeana_eu_contributions_10285,FRBMLY-71 Histoire de Georges Robart | Story of Georges Robart,True,Meets minimum narrative length,43,33
/2020601/https___1914_1918_europeana_eu_contributions_10289,FRAM - Louis Cavil (1879-1922) | Documents from Louis Cavil,True,Meets minimum narrative length,67,40
/2020601/https___1914_1918_europeana_eu_contributions_10293,"FRBNBU-136 Emile Woirgard, lorrain, combat pour l'Allemagne | Emile Woirgard was german at the beginning of the war and french after the war",True,Meets minimum narrative length,156,41
/2020601/https___1914_1918_europeana_eu_contributions_10295,"FRBNBU-106 Histoire de Joseph Auguste Chenavier, grand-père de Guy Chevenet | Joseph Auguste Chenavier's story",True,Meets minimum narrative length,85,27
/2020601/https___1914_1918_europeana_eu_contributions_10297,FRBMBO-070 Histoire du soldat Albéric Bru | Albéric Bru's story,True,Meets minimum narrative length,115,27
/2020601/https___1914_1918_europeana_eu_contributions_10304,Tagebuch des jungen Bernhard Bültemann aus Halle | The diary of young Bernhard Bültemann,True,Meets minimum narrative length,371,60
/2020601/https___1914_1918_europeana_eu_contributions_10307,FRAD066_090 Barthélémy Garreta | Documents of Barthélémy Garreta,True,Meets minimum narrative length,208,36
/2020601/https___1914_1918_europeana_eu_contributions_10314,"FRAD043_060 Alexis Rispal, soldat de la Grande guerre | Documents about Alexis Rispal",True,Meets minimum narrative length,194,41
/2020601/https___1914_1918_europeana_eu_contributions_10325,"FRAD058_021 M;Louis TOLLET, M. Etienne NOLOT | Documents from Mr Guy François Nolot",True,Meets minimum narrative length,43,13
/2020601/https___1914_1918_europeana_eu_contributions_10329,FRAD066_091 Georges Dubos et Marcel Vincent | Documents of Georges Dubos and Marcel Vincent,True,Meets minimum narrative length,141,33
/2020601/https___1914_1918_europeana_eu_contributions_10333,FRBNBU-119 Eugène Lucien Lebert cavalier au 15ème régiment de Chasseurs | Eugène Lucien Lebert was in the cavalery,True,Meets minimum narrative length,59,40
/2020601/https___1914_1918_europeana_eu_contributions_10334,Lettre du Commandant Ménétrier | Letter about Commandant Ménétrier,True,Meets minimum narrative length,84,58
/2020601/https___1914_1918_europeana_eu_contributions_10341,FRAD033-102 Histoire de Louis Gauthier | Documents from Louis Gauthier,True,Meets minimum narrative length,79,41
/2020601/https___1914_1918_europeana_eu_contributions_10348,FRAM - Claude Alfred Camille VENOT | Claude VENOT,True,Meets minimum narrative length,114,51
/2020601/https___1914_1918_europeana_eu_contributions_10352,FRAM - Une relève à la Laufée | Souvenirs from La Laufée,True,Meets minimum narrative length,41,0
/2020601/https___1914_1918_europeana_eu_contributions_10354,FRBNBU-108 Un suédois au service de la France | Knut William Mattson a physiotherapist in France service,True,Meets minimum narrative length,109,24
/2020601/https___1914_1918_europeana_eu_contributions_10358,FRBNBU-135 Alphonse Colignon parti à la guerre à 41 ans | Alphonse Colignon's story,True,Meets minimum narrative length,167,69
/2020601/https___1914_1918_europeana_eu_contributions_10360,FRAN-PA-112 Les frères Gravier | Documents from the brothers Gravier,True,Meets minimum narrative length,94,13
/2020601/https___1914_1918_europeana_eu_contributions_10366,Mémoires d'un prisonnier : Abel Lugez : 1914-1919 | Memories of a prisoner of war,True,Meets minimum narrative length,374,32
/2020601/https___1914_1918_europeana_eu_contributions_10369,FRBNBU-147 Louis Guignard prisonnier | Louis Guignard prisoner of war,True,Meets minimum narrative length,44,3
/2020601/https___1914_1918_europeana_eu_contributions_10370,"FRAM - Alain Kerriou, un soldat finistérien | Documents from Alain Kerriou",False,Main story has fewer than 40 words,32,19
/2020601/https___1914_1918_europeana_eu_contributions_1038,Fotografien von Wilhelm Ostertag | photos - Wilhelm Ostertag,True,Meets minimum narrative length,66,0
/2020601/https___1914_1918_europeana_eu_contributions_10384,FRAD087_064-Histoire de François Jandaud | Story of François Jandaud,True,Meets minimum narrative length,68,16
/2020601/https___1914_1918_europeana_eu_contributions_10390,"FRAD087_062-""Notes de voyage"" de Martial Daigueperse | Diary and documents from Martial Daigueperse",True,Meets minimum narrative length,182,26
/2020601/https___1914_1918_europeana_eu_contributions_10398,FRAD087_038-Histoire de Georges Philippon | Documents about Georges Philippon,True,Meets minimum narrative length,191,23
/2020601/https___1914_1918_europeana_eu_contributions_10425,"FRAD077-139, Ernest Hylaire, correspondance avec sa plus jeune fille pendant la guerre. | Ernest Hylaire, letters to his younger daughter during the war.",True,Meets minimum narrative length,109,97
/2020601/https___1914_1918_europeana_eu_contributions_10426,"FRBNBU-148 Photos souvenirs de guerre | Jean Pastour, cooker",True,Meets minimum narrative length,55,37
/2020601/https___1914_1918_europeana_eu_contributions_10430,"Brief van Omer De Backer aan zijn vader, geschreven aan het front in Pervijze (12/11/1914) | Letter from Omer De Backer to his father, written from the front in Pervijze (12/11/1914)",True,Meets minimum narrative length,215,36
/2020601/https___1914_1918_europeana_eu_contributions_10433,"FRAD043_064 La guerre de Jean Jouvenel, maréchal-ferrant | Documents from Jean Jouvenel",True,Meets minimum narrative length,190,27
/2020601/https___1914_1918_europeana_eu_contributions_10434,AMSM-009_1 : Le journal de route de mon grand-père | The Journal of Onesime Maupiller,True,Meets minimum narrative length,243,1
/2020601/https___1914_1918_europeana_eu_contributions_10437,FRAM - Henri MESSEILLER | Henri MESSEILLER,True,Meets minimum narrative length,94,33
/2020601/https___1914_1918_europeana_eu_contributions_10447,FRAM - Albert et Charles Rauch | Documents from Albert and Charles Rauch,True,Meets minimum narrative length,355,25
/2020601/https___1914_1918_europeana_eu_contributions_10458,FRBNBU-031 Vincent Burkarth et sa guerre | Vincent Burkarth's war,True,Meets minimum narrative length,71,14
/2020601/https___1914_1918_europeana_eu_contributions_10459,"AMSM-017_1 : Mon grand-père, ce hussard. | Barthélémy Rey's Picture And Letters From The Front",True,Meets minimum narrative length,206,4
/2020601/https___1914_1918_europeana_eu_contributions_10476,"FRAD071-003, Jacques SAUVAGEOT, parcours d'un soldat. | Documents from Jacques Sauvageot",True,Meets minimum narrative length,92,11
/2020601/https___1914_1918_europeana_eu_contributions_10482,"FRAM - Odon de Viguerie, sous-officier au 18e régiment d'artillerie, blessé en 1915 et 1916 | Odon de Viguerie",True,Meets minimum narrative length,193,0
/2020601/https___1914_1918_europeana_eu_contributions_10490,AMSM-021_1 : Le retour d'Orient de mon grand-père | Eugène Fresia's return from the Orient,True,Meets minimum narrative length,397,1
/2020601/https___1914_1918_europeana_eu_contributions_10496,FRAD033-091 Histoire de Pierre Laluque | Documents from Pierre Laluque,False,Main story has fewer than 40 words,38,38
/2020601/https___1914_1918_europeana_eu_contributions_10500,Des Poilus du Valdonnez | Documents belonging to Antoine Jean Francois Mejean,True,Meets minimum narrative length,84,8
/2020601/https___1914_1918_europeana_eu_contributions_10507,FRAD033-126 Histoire de Marcel Geneste | Documents from Marcel Geneste,True,Meets minimum narrative length,70,38
/2020601/https___1914_1918_europeana_eu_contributions_10515,"FRAD033-079 Histoire de Pierre, Louis Mercé | Documents from Pierre Louis Mercé",True,Meets minimum narrative length,83,28
/2020601/https___1914_1918_europeana_eu_contributions_10520,FRAD033-074 Histoire de Georges Coignet | Documents from Georges Coignet,True,Meets minimum narrative length,98,15
/2020601/https___1914_1918_europeana_eu_contributions_10524,"FRAD033-070 Histoire de René, Jean Dutruch | Documents from René Jean Dutruch",True,Meets minimum narrative length,81,52
/2020601/https___1914_1918_europeana_eu_contributions_10544,AMSM-013_1 : Une enfance marquante | Letters and Picture Belonging to Joseph Pierre Antoine Eynard,True,Meets minimum narrative length,308,11
/2020601/https___1914_1918_europeana_eu_contributions_10560,Mes Souvenirs pendant mon Emigrage | Memorial diary of the relocation from Troissy (Bouquigny) Marne to Maizières la Grande Paroisse dans l'Aube,True,Meets minimum narrative length,129,19
/2020601/https___1914_1918_europeana_eu_contributions_10591,"Pascal PISTON - Départ pour l'Italie en 1917, en passant par la Meuse | Pascal Piston's Letters, Pictures, and Maps from Italy",True,Meets minimum narrative length,58,33
/2020601/https___1914_1918_europeana_eu_contributions_10609,Livret militaire Auguste Ruckebusch | military pass book of Auguste Ruckebusch,True,Meets minimum narrative length,131,4
/2020601/https___1914_1918_europeana_eu_contributions_10614,"FRAD067-206 Quelques bribes du parcours de Victor Heymes (La Wantzenau, Bas-Rhin, 1889-1979) (armée allemande) | Postcards from Victor Heymes",True,Meets minimum narrative length,236,5
/2020601/https___1914_1918_europeana_eu_contributions_10616,"FRAD067-208 Le ""petit gas"" René Rodier demande pardon à son père (1915) | The little René apologizes to his father",True,Meets minimum narrative length,130,3
/2020601/https___1914_1918_europeana_eu_contributions_10618,"FRAD067-114 Papiers militaires d'Anton Steyer, né à Lemberg (Moselle) en 1875 (armée allemande) | Miltary documents, postcards, photographs and prayer book from Anton Steyer",True,Meets minimum narrative length,226,64
/2020601/https___1914_1918_europeana_eu_contributions_10633,Mon grand-père paternel poilu de 14-18 | Charles Georges Richard Pauquet's Pictures from the War,True,Meets minimum narrative length,260,118
/2020601/https___1914_1918_europeana_eu_contributions_10654,FRAN-PI-38 Histoire du volontaire Marcel Jean Eugène Migot | Marcel Migot' story,True,Meets minimum narrative length,226,31
/2020601/https___1914_1918_europeana_eu_contributions_10668,FRAD071-022 Justin et Claudien GONNET. | Document from Justin and Claudien Gonnet.,True,Meets minimum narrative length,139,0
/2020601/https___1914_1918_europeana_eu_contributions_10670,"Emilien Gauvain, soldat Lorrain Mort pour la France | Emilien Gauvain, Soldier From Lorrain Died for France",False,Main story has fewer than 40 words,38,21
/2020601/https___1914_1918_europeana_eu_contributions_10675,"FRAD062_019 - Jules Level, 1914. | FRAD062_019 - Jules Level, 1914.",True,Meets minimum narrative length,104,12
/2020601/https___1914_1918_europeana_eu_contributions_10680,FRAM - Jean-Baptiste LE FLEM | Jean-Baptiste LE FLEM,True,Meets minimum narrative length,43,0
/2020601/https___1914_1918_europeana_eu_contributions_10683,"FRAM - Xavier Cambon, un observateur photographe | Documents from Xavier Cambon",True,Meets minimum narrative length,163,29
/2020601/https___1914_1918_europeana_eu_contributions_10686,"Sammlung von Feldpostkarten, Fotos und Dokumenten verschiedener Personen | Collection of Fieldpost, photos and documents of different persons",True,Meets minimum narrative length,139,25
/2020601/https___1914_1918_europeana_eu_contributions_10689,FRAD087_042-Avant le départ pour la guerre. Juillet 1914. Jean MONTASTIER | Jean Monstatier's photography,True,Meets minimum narrative length,45,29
/2020601/https___1914_1918_europeana_eu_contributions_10695,"FRAD062_019 - Arthur Flippe, 1914-1917. | FRAD062_019 - Arthur Flippe, 1914-1917.",True,Meets minimum narrative length,48,4
/2020601/https___1914_1918_europeana_eu_contributions_10696,FRAM - Quatre frères au combat | Four brothers in Great War,True,Meets minimum narrative length,251,21
/2020601/https___1914_1918_europeana_eu_contributions_10708,FRAM - Jean-Baptiste Potier (1896-1966) | Document from Jean-Baptiste Potier,True,Meets minimum narrative length,53,24
/2020601/https___1914_1918_europeana_eu_contributions_10712,"L' affaire du Bonnet d'évêque, le 11 décembre 1914 | The Bishop's Bonnet Affair, December 11, 1914 the Life of Edmond Schaeffer",True,Meets minimum narrative length,558,91
/2020601/https___1914_1918_europeana_eu_contributions_10713,"FRAD083_036 Julien Schneider, prisonnier en Allemagne durant la totalité de la guerre | Julien Schneider, prisonner in Germany",False,Main story has fewer than 40 words,31,23
/2020601/https___1914_1918_europeana_eu_contributions_10718,"FRAD083_042 - Jean-Marie Georges Marvoyer | Jean-Marie Georges Marvoyer, French soldier",True,Meets minimum narrative length,99,9
/2020601/https___1914_1918_europeana_eu_contributions_10724,"FRAM - François Henri Morisset (1870-1958), un peintre au front | Documents from François Henri Morisset",True,Meets minimum narrative length,103,31
/2020601/https___1914_1918_europeana_eu_contributions_10727,FRAD066_098b Léon Bultel | Documents from Léon Bultel,True,Meets minimum narrative length,149,16
/2020601/https___1914_1918_europeana_eu_contributions_10728,"FRBMBX-058 - Fernand Caron, le courage d'un soldat ordinaire | Fernand Caron, a brave simple soldier",True,Meets minimum narrative length,135,25
/2020601/https___1914_1918_europeana_eu_contributions_10729,FRAD008_001 Une famille d'Hannogne-Saint-Martin dans la guerre | Documents from Genesseau family,True,Meets minimum narrative length,516,24
/2020601/https___1914_1918_europeana_eu_contributions_1073,"Postkarten- und Fotoalben der Krankenschwester Frieda Gruner | Two albums with photos and postcards written and collected by a nurse working in the field hospital Jarny / France. Postcards with hospital scenes, memorial rites, artillery, military economic activities, eminent German military figures.",True,Meets minimum narrative length,251,0
/2020601/https___1914_1918_europeana_eu_contributions_10736,"Gefreiter Fritz Düngel, Bursche von Major Wilhelm von Ditfurth | Fritz Düngel under the command of Major Wilhelm von Ditfurth",True,Meets minimum narrative length,146,55
/2020601/https___1914_1918_europeana_eu_contributions_10741,"FRAD083_41_Joseph Emile Bournadet | Joseph Emile Bournadet, french soldier",True,Meets minimum narrative length,134,24
/2020601/https___1914_1918_europeana_eu_contributions_10743,"FRAD078-01_1 Léon Ottenheim, la passion de la photographie | Léon Ottenheim, fond of photography",True,Meets minimum narrative length,145,21
/2020601/https___1914_1918_europeana_eu_contributions_10745,"FRAD062_032 - Ernest Gaaeremynck, 1914-1919. | FRAD062_032 - Ernest Gaaeremynck, 1914-1918.",True,Meets minimum narrative length,88,4
/2020601/https___1914_1918_europeana_eu_contributions_10750,FRAD017 - Histoire de Charles Jaffard | Charles Jaffard,True,Meets minimum narrative length,94,6
/2020601/https___1914_1918_europeana_eu_contributions_10752,FRAD087_086-Correspondance du soldat Mousnier | Story of the soldier Jean-Martin Mousnier,True,Meets minimum narrative length,82,12
/2020601/https___1914_1918_europeana_eu_contributions_10759,FRAM - Charles PINAUD | Charles PINAUD,True,Meets minimum narrative length,52,0
/2020601/https___1914_1918_europeana_eu_contributions_10761,FRAD062_075 - Charles Louis (1896-1955). | Document from Louis Charles (1896-1955),True,Meets minimum narrative length,82,13
/2020601/https___1914_1918_europeana_eu_contributions_10769,FRAM - Robert Édouard DEPLANCK | Robert Édouard DEPLANCK,True,Meets minimum narrative length,43,4
/2020601/https___1914_1918_europeana_eu_contributions_10774,FRAD066_101B Pierre CODERC | Documents of Pierre CODERC,True,Meets minimum narrative length,47,37
/2020601/https___1914_1918_europeana_eu_contributions_10775,AMSM-019_2 : Marius et Léon JAYNE | Marius and Léon Jayne at the Front,True,Meets minimum narrative length,229,15
/2020601/https___1914_1918_europeana_eu_contributions_10782,"FRAM - Amédée Desforges, soldat téléphoniste au 165e régiment d'infanterie | Documents about Amédée Desforges",True,Meets minimum narrative length,80,32
/2020601/https___1914_1918_europeana_eu_contributions_10784,"FRAD062_107 - M. Lemaître et le ""devoir de Français"", décembre 1914. | FRAD062_107 - Document from Mr Lemaître.",False,Main story has fewer than 40 words,35,7
/2020601/https___1914_1918_europeana_eu_contributions_10794,Ledermappe mit Fotos und Dokumenten von Wilhelm Große Munkenbeck | Leathercase with photos and documents of Wilhelm Große Munkenbeck,True,Meets minimum narrative length,266,67
/2020601/https___1914_1918_europeana_eu_contributions_10795,"FRAD062_107 - Carnel Ulysse, 1911-1916. | FRAD062_107 - Ulysse Carnel, 1911-1919.",True,Meets minimum narrative length,111,92
/2020601/https___1914_1918_europeana_eu_contributions_10798,FRAD066_102 Charles MIRC | Documents of Charles MIRC,True,Meets minimum narrative length,59,42
/2020601/https___1914_1918_europeana_eu_contributions_10802,"FRAD071-007, Charles QUELIN | Documents from Charles Quelin",True,Meets minimum narrative length,93,11
/2020601/https___1914_1918_europeana_eu_contributions_10813,"FRAD043_065 Louis Jonget, Paul et Simon Borel, soldats de la Grande guerre. | Documents about Louis Jonget, Paul et Simon Borel",True,Meets minimum narrative length,817,197
/2020601/https___1914_1918_europeana_eu_contributions_10817,FRAM - Histoire de Georges Chasserot (1891-1978) | Documents from Georges Chasserot,True,Meets minimum narrative length,209,51
/2020601/https___1914_1918_europeana_eu_contributions_10818,Fliegerhelm von Wilhelm Große Munkenbeck | Pilots helmet of Wilhelm Große Munkenbeck,True,Meets minimum narrative length,266,7
/2020601/https___1914_1918_europeana_eu_contributions_10822,FRAM - Ernest LORRAIN | Ernest LORRAIN,True,Meets minimum narrative length,285,39
/2020601/https___1914_1918_europeana_eu_contributions_10833,FRAD034-037_Joseph VIDAL et Aimé HYACINTHE | Documents from Joseph Vidal and Aimé Hyacinthe,True,Meets minimum narrative length,206,137
/2020601/https___1914_1918_europeana_eu_contributions_10835,AMSM-016_1 Lettres à Amélie | Letters From Louis Anselmet to his Sister,True,Meets minimum narrative length,104,8
/2020601/https___1914_1918_europeana_eu_contributions_10840,"AMSM 016-2 Recueil de lettres | Letters of André Larfeuil, POW in Germany",True,Meets minimum narrative length,934,13
/2020601/https___1914_1918_europeana_eu_contributions_10860,FRAD085-014 Journal de guerre d'Alfred Bonnaud | Alfred Bonnaud's diary,True,Meets minimum narrative length,176,46
/2020601/https___1914_1918_europeana_eu_contributions_10866,FRAM - Henri Bionnet | Documents from Henri Bionnet,True,Meets minimum narrative length,75,7
/2020601/https___1914_1918_europeana_eu_contributions_10867,"FRAD058_042 M. Abel BLOND, M. Marius ARBLAY. | Documents from Mr Labbe",True,Meets minimum narrative length,70,13
/2020601/https___1914_1918_europeana_eu_contributions_10876,FRAM - Louis PRUNET (1881-1951) | Louis PRUNET,True,Meets minimum narrative length,50,5
/2020601/https___1914_1918_europeana_eu_contributions_10883,FRBMAN-012 Antoine Laurenty | Antoine Laurenty's story,True,Meets minimum narrative length,133,55
/2020601/https___1914_1918_europeana_eu_contributions_1089,Kriegserinnerungen | Wartime memories,True,Meets minimum narrative length,40,0
/2020601/https___1914_1918_europeana_eu_contributions_10891,"FRBMAN-013-Les deux frères François et Jean-Baptiste Moreau | Two brothers, François and Jean-Baptiste Moreau",True,Meets minimum narrative length,164,26
/2020601/https___1914_1918_europeana_eu_contributions_10903,"FRBMAN-014 Justin Usse, élève pilote au centre d'aviation militaire de Chartres | Justin Usse, fighter pilot",True,Meets minimum narrative length,192,45
/2020601/https___1914_1918_europeana_eu_contributions_10904,Souvenirs et notes du cuirassier Jacques PAVARD | Memories and notes from cuirassier Jacques PAVARD,True,Meets minimum narrative length,238,17
/2020601/https___1914_1918_europeana_eu_contributions_10912,"FRAD067-198 Un jeune engagé volontaire lyonnais dans la guerre, Anthelme Perrin (1895-1979) | Documents from Anthelme Perrin",True,Meets minimum narrative length,215,177
/2020601/https___1914_1918_europeana_eu_contributions_10914,"Juste à temps! | A mother journeys to see her injured son, and attends his funeral",True,Meets minimum narrative length,200,116
/2020601/https___1914_1918_europeana_eu_contributions_10920,FRBNBU-051 Pascal Thuillier très gravement blessé en septembre 1914 | Pascal Thuillier seriously injured in 1914,True,Meets minimum narrative length,235,34
/2020601/https___1914_1918_europeana_eu_contributions_10922,AMSM-027_1 : Documents de mémoire | Nazaire François Prat's Medical Records from WWI,True,Meets minimum narrative length,127,9
/2020601/https___1914_1918_europeana_eu_contributions_10925,FRAD017 - Histoire de Louis Rouillon | Histoire de Louis Rouillon,True,Meets minimum narrative length,76,17
/2020601/https___1914_1918_europeana_eu_contributions_10927,"FRAD043 - Louis Gérentes, cycliste du colonel | Louis Gérentes, colonel's cyclist",True,Meets minimum narrative length,174,11
/2020601/https___1914_1918_europeana_eu_contributions_10929,FRAD078-05 Le décès du capitaine Edmond Rousseau | Death of Edmond Rousseau,True,Meets minimum narrative length,158,5
/2020601/https___1914_1918_europeana_eu_contributions_10942,Dokumente meines Großvaters. Einblicke in das Leben des Soldaten Kurt Willy Illing an der Ost- und Westfront | Documents from my grandfather. About the life of the soldier Kurt Willy Illing,True,Meets minimum narrative length,60,34
/2020601/https___1914_1918_europeana_eu_contributions_10946,FRAD062_097 - Henri Sinthomez. | FRAD062_097 - Henri Sinthomez.,True,Meets minimum narrative length,81,25
/2020601/https___1914_1918_europeana_eu_contributions_10947,"FRAD067-102 Albert Daltroff, Mosellan engagé dans l'armée allemande, correspond avec sa fiancée | Documents from Jean Daltroff",True,Meets minimum narrative length,163,15
/2020601/https___1914_1918_europeana_eu_contributions_10951,FRAD066-105-Félix ROCACHER | Documents of Félix Rocacher,True,Meets minimum narrative length,65,50
/2020601/https___1914_1918_europeana_eu_contributions_10959,"FRAD058_018 M. Pierre Bon Amour, M. Ernest Grière, M.Raymond X | Documents from Mrs OLIVILSRI",False,Main story has fewer than 40 words,29,20
/2020601/https___1914_1918_europeana_eu_contributions_10966,"FRAD067-167 Franz Xavier Host, Alsacien engagé dans l'armée allemande, correspond avec les siens | Documents from Gérard Host",True,Meets minimum narrative length,499,14
/2020601/https___1914_1918_europeana_eu_contributions_10971,FRAM - Pierre Coeffic | Document about Pierre Coeffic,True,Meets minimum narrative length,41,8
/2020601/https___1914_1918_europeana_eu_contributions_10973,AMSM-025_1 : Sept ans sous les drapeaux | Célestin Joseph Baptistin's Story from the Great War,True,Meets minimum narrative length,583,43
/2020601/https___1914_1918_europeana_eu_contributions_10990,Besitzzeugnis über das Verdienstkreuz für Kriegshilfe von Franz Schönmehl | Certificate for decoration of Franz Schönmehl,True,Meets minimum narrative length,231,60
/2020601/https___1914_1918_europeana_eu_contributions_10995,"FRAM - Laurent Tromeur, mémoires d'un poilu | Documents from Jean Tromeur",True,Meets minimum narrative length,213,11
/2020601/https___1914_1918_europeana_eu_contributions_10998,FRAD083_008_Louis Auguste Vallerand | Documents from Louis Auguste Vallerand,True,Meets minimum narrative length,75,0
/2020601/https___1914_1918_europeana_eu_contributions_11002,FRAM - Journal de guerre de Jean Carré | Document from Jean Corentin Carré,True,Meets minimum narrative length,167,27
/2020601/https___1914_1918_europeana_eu_contributions_11011,FRAD078- 08 Félix TERRON et François GURDIN dans la guerre 1914-1918 | Félix TERRON et François GURDIN in the war,True,Meets minimum narrative length,66,43
/2020601/https___1914_1918_europeana_eu_contributions_11015,FRAD004-002 François Carraz blessé pendant la guerre | Medical cards,True,Meets minimum narrative length,63,17
/2020601/https___1914_1918_europeana_eu_contributions_11018,Een brief naar het thuisfront van Petrus Franciscus Marivoet | Letter of war veteran Pieter Frans Marivoet to his family,True,Meets minimum narrative length,137,10
/2020601/https___1914_1918_europeana_eu_contributions_11025,"FRAD058_046 M. Louis MALLET, M. GODARD | Documents from Mrs Gravelet",False,Main story has fewer than 40 words,32,16
/2020601/https___1914_1918_europeana_eu_contributions_11026,Schilderij van de kerk van Grimde | Grimde,True,Meets minimum narrative length,46,6
/2020601/https___1914_1918_europeana_eu_contributions_11029,FRAD058_014 M. Pierre MONMIGNOT | Documents from Mrs MONMIGNOT,False,Main story has fewer than 40 words,27,23
/2020601/https___1914_1918_europeana_eu_contributions_11033,FRAM - Carnet de route du poilu Paul Balazard | Paul Balazard,True,Meets minimum narrative length,57,0
/2020601/https___1914_1918_europeana_eu_contributions_11038,FRBNBU-163 Francisque Majesté porté disparu | Documents about Francisque Majesté,True,Meets minimum narrative length,81,3
/2020601/https___1914_1918_europeana_eu_contributions_11045,FRAD017 - Histoire de Paul Emile Larcher | Histoire de Paul Emile Larcher,True,Meets minimum narrative length,132,7
/2020601/https___1914_1918_europeana_eu_contributions_11052,FRAM - Carte postale de Charles Sarret | Charles Sarret,True,Meets minimum narrative length,69,6
/2020601/https___1914_1918_europeana_eu_contributions_11054,FRAM - La mort au feu du sous-officier Fernand GAILLON à Beaumont-sur-Argonne (20 août 1917) | Fernand GAILLON,True,Meets minimum narrative length,151,14
/2020601/https___1914_1918_europeana_eu_contributions_11056,FRAM - Lettre du colonel Hellé à ses fils | Letter from colonel Hellé,True,Meets minimum narrative length,42,0
/2020601/https___1914_1918_europeana_eu_contributions_11061,FRAM - Le retour du corps de Charles Hamelin | Documents from Charles Hamelin,True,Meets minimum narrative length,156,3
/2020601/https___1914_1918_europeana_eu_contributions_11071,FRBNBU-090 Amédé Fleury photographe | Amédé Fleury's story,True,Meets minimum narrative length,320,130
/2020601/https___1914_1918_europeana_eu_contributions_11074,FRAM - Ernest-Isidore Lebarbey | Ernest-Isidore Lebarbey's diary,True,Meets minimum narrative length,70,1
/2020601/https___1914_1918_europeana_eu_contributions_11093,FRBNBU-112 Abraham Florent Villain dit André Villain | Abraham Florent Villain alias André Villain,True,Meets minimum narrative length,92,66
/2020601/https___1914_1918_europeana_eu_contributions_11101,AMSM-020_1 : Jean Marcadal | Jean Marcadal,True,Meets minimum narrative length,100,8
/2020601/https___1914_1918_europeana_eu_contributions_11111,"FRAD041 - Thomas Fouineteau, soldat de la Grande guerre | Letters from Thomas Fouineteau",True,Meets minimum narrative length,110,8
/2020601/https___1914_1918_europeana_eu_contributions_11112,AMSM-020_3 : Antoine-Marc Giorgetti | Antoine-Marc Giorgetti on board the ''Diane'',True,Meets minimum narrative length,116,21
/2020601/https___1914_1918_europeana_eu_contributions_11118,FRAD017 - Histoire d'André Brillet | Histoire d'André Brillet,True,Meets minimum narrative length,122,55
/2020601/https___1914_1918_europeana_eu_contributions_11130,AMSM-015-2 FANTINO Emile Le maréchal ferrant | Émile Louis Constant Fantino,True,Meets minimum narrative length,169,25
/2020601/https___1914_1918_europeana_eu_contributions_11144,"FRBMLI-047 Carnets de mon arrière-grand-père, Léon Fernand Lemeré | Story of Léon Fernand Lemeré",True,Meets minimum narrative length,300,54
/2020601/https___1914_1918_europeana_eu_contributions_11165,FRBNBU-153 Marcel Amédée Pellet a connu sa femme grâce à une blessure de guerre | Marcel Amédée Mamet's wife known during the war,True,Meets minimum narrative length,151,97
/2020601/https___1914_1918_europeana_eu_contributions_11176,FRAD006_01NUM_0093 Histoire de Louis Guavarry | Fonds Mme Denise Boudry,True,Meets minimum narrative length,63,51
/2020601/https___1914_1918_europeana_eu_contributions_11201,FRAD006_01NUM_0094 Histoire d’Honoré Bousquias | Fonds Jackie et Jaqueline Marino,True,Meets minimum narrative length,69,54
/2020601/https___1914_1918_europeana_eu_contributions_11232,AMSM-023_1 : ROUBERT Louis mon grand-père | Shell Artwork Belonging to Louis Roubert,True,Meets minimum narrative length,139,5
/2020601/https___1914_1918_europeana_eu_contributions_11236,FRAD059-011 Honneur à Isidore Cuypers ! | Homage to Isidore Cuypens,True,Meets minimum narrative length,63,2
/2020601/https___1914_1918_europeana_eu_contributions_11237,Feldpostbriefe meines Vaters Hanns Schäfer aus dem 1. Weltkrieg | field post of my father Hanns Schäfer,True,Meets minimum narrative length,42,42
/2020601/https___1914_1918_europeana_eu_contributions_11248,"Omer Martin, soldat Maître-ouvrier du Génie, 1914-1919 | Omer Martin, Soldier Master Engineer, 1914-1919",True,Meets minimum narrative length,123,18
/2020601/https___1914_1918_europeana_eu_contributions_11250,FRAD008_3 Documents trouvés par M. Bonalda | Documents found by M. BONALDA,True,Meets minimum narrative length,90,50
/2020601/https___1914_1918_europeana_eu_contributions_11254,"FRAD078- 09 Mon grand- père et parain, Claude Mercier, blessé de guerre. | My grandfather and godfather, Claude Mercier",True,Meets minimum narrative length,139,7
/2020601/https___1914_1918_europeana_eu_contributions_11258,"FRAM - Martial Londrade, sergent au 92e territorial | Martial Londrade",True,Meets minimum narrative length,62,0
/2020601/https___1914_1918_europeana_eu_contributions_11259,FRBMBX-056/ brothers in war | Brothers Petit in war,True,Meets minimum narrative length,77,20
/2020601/https___1914_1918_europeana_eu_contributions_11267,"FRAD062_047 - Léonide Thieullez, 1914. | Documents from Léonide Thieullez, 1914",True,Meets minimum narrative length,47,23
/2020601/https___1914_1918_europeana_eu_contributions_11272,FRAM - Histoire de Jean Adolphe et Zoé GUIGUET-DORON | Documents from Jean-Adolphe et Zoé GUIGUET-DORON,True,Meets minimum narrative length,187,22
/2020601/https___1914_1918_europeana_eu_contributions_11275,FRAD008_54 Alliance franco-américaine | Photograph from Baleux family,True,Meets minimum narrative length,194,9
/2020601/https___1914_1918_europeana_eu_contributions_11277,"FRBMLI-024 André VAN EYCKE, Maréchal des Logis, tué en 1916 à Maurepas | Story of André VAN EYCKE",True,Meets minimum narrative length,160,38
/2020601/https___1914_1918_europeana_eu_contributions_11279,FRAD080 - Les mémoires de guerre d' Emile Degand | Emile Degand's diary,True,Meets minimum narrative length,110,9
/2020601/https___1914_1918_europeana_eu_contributions_11286,FRAM - Histoire de Paul et Eugène ANGELIER | Documents from Paul ANGELIER,True,Meets minimum narrative length,475,65
/2020601/https___1914_1918_europeana_eu_contributions_11295,"FRBNBU-080 Joseph Antoine Callet, photographe de l'escadrille des cigognes | Joseph Antoine Callet, photograh of ""escadrille des cigognes""",True,Meets minimum narrative length,236,22
/2020601/https___1914_1918_europeana_eu_contributions_11298,FRAD018_105 Journal de Faidherbe GAGET | Documents from Faidherbe Gaget,True,Meets minimum narrative length,80,2
/2020601/https___1914_1918_europeana_eu_contributions_11300,"FRAD058_034 M.Joseph TARDIVON, M. Jean-Marie TARDIVON, Léon TARDIVON | Documents from Mr Tardivon",True,Meets minimum narrative length,62,16
/2020601/https___1914_1918_europeana_eu_contributions_11320,"FRAD071-070 Emile COQUELU, imprimeur, responsable d’une équipe de brancardiers au 71ème bataillon des chasseurs à pieds. | Document from Emile COQUELU.",True,Meets minimum narrative length,118,0
/2020601/https___1914_1918_europeana_eu_contributions_1133,Rogalka Franz | Different things related to Franz Rogalka,True,Meets minimum narrative length,74,0
/2020601/https___1914_1918_europeana_eu_contributions_11331,"FRAD067-124 Jacques et Emile Humann, d'Entzheim (Bas-Rhin) : deux frères sous les armes (armée allemande) | Postcards from Jacques and Emile Humann",True,Meets minimum narrative length,279,81
/2020601/https___1914_1918_europeana_eu_contributions_11340,FRAM - Eugène BERTRAND (1876-1918) | Eugène BERTRAND,True,Meets minimum narrative length,114,27
/2020601/https___1914_1918_europeana_eu_contributions_11341,FRAD087_041. Soldat Jean BOUDOU. | Documents from Jean Boudou,True,Meets minimum narrative length,142,25
/2020601/https___1914_1918_europeana_eu_contributions_11349,"FRAD008_12 Sergent Léon Jacquemart, 418e régiment d'infanterie | Sergent Léon JACQUEMART, 418th infantry regiment",True,Meets minimum narrative length,46,10
/2020601/https___1914_1918_europeana_eu_contributions_11350,"FRAM - Histoire de Firmin, Marie-Louise, Emile et Cécile ALLAMAND | Documents from ALLAMAND family",True,Meets minimum narrative length,373,96
/2020601/https___1914_1918_europeana_eu_contributions_11351,"FRAD008_13 Un sergent sauve son lieutenant, qui lui remet la légion d'honneur après-guerre | A sergent saves his lieutenant, who gives him the legion d'honneur after war",True,Meets minimum narrative length,104,4
/2020601/https___1914_1918_europeana_eu_contributions_11360,FRAD008_16 Vie et mort du cannonier Emmanuel Guégain | Life and death of gunner Emmanuel GUEGAIN,True,Meets minimum narrative length,47,14
/2020601/https___1914_1918_europeana_eu_contributions_11364,FRBMBX-010 Histoire de Fernand Greteau | Fernand Greteau's story,True,Meets minimum narrative length,79,21
/2020601/https___1914_1918_europeana_eu_contributions_11365,FRAD008_6 Carnet de trousse d'un médecin durant la guerre | A doctor's diary,True,Meets minimum narrative length,123,3
/2020601/https___1914_1918_europeana_eu_contributions_11369,FRAM - Emile Maurice PORTET (1879-1947) | Emile PORTET,True,Meets minimum narrative length,215,54
/2020601/https___1914_1918_europeana_eu_contributions_11370,FRAM - Histoire d'Émile Fristo | Documents from Émile Fristo,True,Meets minimum narrative length,111,39
/2020601/https___1914_1918_europeana_eu_contributions_11377,"FRAM - Joseph Horel (1897-1973), cavalier au 2e régiment de chasseurs à cheval | Documents from Joseph Horel",True,Meets minimum narrative length,57,15
/2020601/https___1914_1918_europeana_eu_contributions_11389,FRBMAN-004 Soldat Pierre Auguste Gabillard | Soldier Pierre Auguste Gabillard,True,Meets minimum narrative length,43,34
